paperId,title,publicationDate,hypothesis_4omini
b19c55a199c7c86a2fa81a772ac5fd5cdfe1c58c,Blame the Bot: Anthropomorphism and Anger in Customer–Chatbot Interactions,2021-08-27,"When customers enter a chatbot-led service interaction in an angry emotional state, chatbot anthropomorphism negatively affects customer satisfaction, overall firm evaluation, and subsequent purchase intentions, but this effect does not occur for customers in nonangry emotional states."
0d08eabc4965dd5c5555fbb5712dd803d7ec006f,A Meta-Analysis of When and How Advertising Creativity Works,2020-06-24,"Advertising creativity has robust positive effects, which are stronger for high-involvement products and marginally stronger for unfamiliar brands, with originality leading to affect transfer and appropriateness leading to signaling. Further research is needed to connect advertising creativity with sales and its effects in digital contexts."
e112aeadde199b4e783b37c8c30c90808d19d600,A Theories-in-Use Approach to Building Marketing Theory,2019-11-14,"The article discusses the development of marketing knowledge through the theories-in-use approach, emphasizing the creation of novel marketing theories and the co-creation of knowledge with practitioners, while providing guidance on selecting suitable research questions and developing theoretical propositions."
95eae7eaa24fd3e1a27465b50ae6dfac1fe21d04,The Role of Advertising in High-Tech Medical Procedures: Evidence from Robotic Surgeries,2022-12-30,"Hospital advertising positively influences patients' choice of robotic surgery over conventional surgeries, particularly among Medicaid patients, despite higher costs and no long-term health benefits."
70b7d8f8206fe8a38dc24e4dedf2da5c290c4dcf,Advertising Effectiveness for Multiple Retailer-Brands in a Multimedia and Multichannel Environment,2020-04-08,"The study finds that email and sometimes catalogs from a focal retailer-brand negatively influence other retailer-brands in the category, while paid search influences only the focal retailer-brand; however, competitor catalogs positively influence focal retailer-brand sales among omnichannel customers, and a sizeable group of customers who shop across multiple retailer-brands and both purchase channels are the most responsive to multimedia advertising."
63a7c2e9dc66b10b64030e1e5d2241e65d5039ed,Analyzing the Cultural Contradictions of Authenticity: Theoretical and Managerial Insights from the Market Logic of Conscious Capitalism,2022-03-02,"This research demonstrates that the cultural contradictions of authenticity are influenced by the tensions between conscious capitalism and elitist critiques, affecting how consumers and marketers understand and manage authenticity in various market contexts."
5da37c296c5df8bd96a4953a0414d4c316b7f756,Artificial Intelligence Coaches for Sales Agents: Caveats and Solutions,2020-09-01,"The incremental benefit of AI coaches over human managers is heterogeneous across sales agents, with middle-ranked agents showing the largest performance improvement, while bottom- and top-ranked agents experience limited gains due to information overload and aversion to AI, respectively. Redesigning the AI coach can alleviate challenges faced by bottom-ranked agents, and the combination of AI and human coaches outperforms either alone."
93b43ee4d180415079c0c250d8430e6c9001eb53,Bringing the Doctor to the Patients: Cardiology Outreach to Rural Areas,2023-10-03,"The allocation of cardiologists' time between home and outreach locations is significantly influenced by travel distance, potential competition, and patient demand, and a subsidy program can effectively restore rural access to cardiology services after a reduction in cardiologist supply."
ac43229d8785493a2fe6a21791c6c8f8ff3569f9,Dynamic Governance Matching in Solution Development,2020-01-01,"The study identifies the dynamic role of governance matching in solution development, revealing that solutions evolve through phases of experimentation, integration, and evolution, where governance mechanisms serve different functions and provide contingent benefits, influencing the success or failure of solution efforts."
a3173826a80f9f962571f1e5dcd58bb5e9789b26,Business-to-Business E-Negotiations and Influence Tactics,2020-01-28,"The use of compliance or internalization-based influence tactics as textual cues in B2B e-negotiations enhances buyer attention, which in turn increases the likelihood of contract award, while the concurrent use of both tactics may degrade buyer attention and disadvantage the salesperson in closing the contract."
d99f44b9fd79d024bfdd0637e837f88dd73c514f,Can Viagra Advertising Make More Babies? Direct-to-Consumer Advertising on Public Health Outcomes,2020-04-28,"Increased erectile dysfunction drug television advertising leads to a higher birth rate, with a 1% increase in advertising contributing to an increase of 0.04% to 0.08% in total births."
52d41f4f76e341f44661737fa4b7818585160147,Capital Market Returns to New Product Development Success: Informational Effects on Product Market Advertising,2018-12-27,"The capital market reacts with abnormal stock returns to new product development success events, which influences subsequent marketing decisions, particularly that higher unpredicted abnormal approval returns lead to larger postapproval advertising budgets and more effective postlaunch advertising, especially for detailing spending."
4ef28e39b09005af1175a9f3e7708748f1cdbc4f,Caring for the Commons: Using Psychological Ownership to Enhance Stewardship Behavior for Public Goods,2020-09-25,"Increasing consumers' psychological ownership enhances stewardship behavior for public goods by increasing perceived responsibility, which leads to active care behaviors; this relationship is weakened by cues that diffuse responsibility."
9e7ecd27fc6be76e1afea829aea5bf0f2f49dd08,Charting the Path to Purchase Using Topic Models,2020-08-10,"The proposed integrated model connects latent topics in consumers' search phrases to their website visits and purchase decisions, providing better predictive accuracy and improving marketing efficiency compared to other models."
d100fae88bee596d5c778467943f71aff9f7ed7c,Choosing the Light Meal: Real-Time Aggregation of Calorie Information Reduces Meal Calories,2021-05-19,"Real-time aggregation of calorie content using a traffic light label reduces calories ordered in meals, as consumers revise high-calorie orders more frequently and report greater satisfaction and intentions to return to restaurants using this feedback method."
eea93767592ac748b1878524c2290e1478dfab64,Collaborative Market Driving: How Peer Firms Can Develop Markets Through Collective Action,2020-04-23,"The article conceptualizes ""collaborative market driving"" as a collective strategy where peer firms cooperate to develop markets, which increases their overall competitiveness, and identifies the triggers for collective action and the conversion of resources into market-driving power."
3b1da9a89e91cbdbd53f0db7ecb339bda73b9770,Commentary: A Strategic Perspective on Capturing Marketing Information to Fuel Growth: Challenges and Future Research,2021-01-01,"The root of the growth problem facing managers is broader than data capture, requiring a significant refocusing of the academic research agenda to connect data potential to realized growth outcomes."
97d8f9cd0a425ca14bd6c204dba2c7867a05ace6,Commentary: Artificial Intelligence: The Marketer’s Dilemma,2021-01-01,"Marketers face significant challenges when utilizing AI, as they are increasingly dependent on technology and technologists, which blurs the line between their control and the capabilities of AI, leading to a dilemma in their marketing strategies."
cd2fbb3322a52d1a20c3e01ab4fff4bf24432edc,Commentary: Toward Formalizing Social Influence Structures in Business-to-Business Customer Journeys,2021-01-01,The study highlights the unique challenges in studying social customer journeys for B2B firms and emphasizes the need for research related to structural dynamics and key performance indicators in this context.
e65c1a21ee05c36e385958100e5fa1e929499c04,Commentary: Trajectories and Twists: Perspectives on Marketing Agility from Emerging Markets,2021-01-01,"The commentary aims to assess the robustness and durability of marketing agility in extreme conditions of uncertainty and change, particularly in the context of digital products in emerging markets."
97a10118367c4c1a2fc6f2bca842cc3a1dec3c8c,Communication in the Gig Economy: Buying and Selling in Online Freelance Marketplaces,2021-06-22,"Buyers and freelancers in online freelance marketplaces can achieve success by balancing communication uncertainty rather than merely reducing it, with specific strategies regarding task information, personal information, and affective intensity influencing bid attraction and success."
26602414e6533385b33c94fe67fbf7b2eae185e2,Commentary: Managing Human Experience as a Core Marketing Capability,2021-01-01,"The shift from ""solid"" material goods to ""liquid"" experiential goods is a broader concept that deserves more weight in considering how to deepen perceived ownership in the eye of the consumer, and experiences are not only replacing material goods but also being used to enhance them. Marketers should build internal capabilities to manage the shift to experiences in the face of digitization."
24fdc66df1e5635353b1aeae9cef4e3a767fc77f,"Conceptual Contributions in Marketing Scholarship: Patterns, Mechanisms, and Rebalancing Options",2023-08-07,"The study finds that conceptual contributions in marketing scholarship have increasingly favored ""envisioning"" and ""explicating"" over ""relating"" and ""debating,"" with a prevalent thought style shaping these contributions, and suggests rebalancing options to enhance the latter contributions while maintaining current strengths."
1b609c86d03dcf5a9950bc155a897df3470cb81b,Conducting Research in Marketing with Quasi-Experiments,2022-02-10,"The article aims to broaden the understanding of quasi-experimental methods in marketing by identifying causal relationships between actions and marketing outcomes, emphasizing the importance of empirical strategies and behavioral mechanisms in reinforcing causality."
53255e29c7588fa025869f8e9a1548535e3907c6,Consumer Self-Control and the Biological Sciences: Implications for Marketing Stakeholders,2020-12-08,"The appreciation of biological underpinnings of human behavior can alter the beliefs and actions of marketing stakeholders, and narrowing the gap between scientific and lay perspectives is crucial for improving welfare."
5ab9776bf67a6470951a932d5f9a1beaf1cec184,Consumers and Artificial Intelligence: An Experiential Perspective,2020-10-16,"This research aims to bridge the perspectives of the benefits of AI technology for consumers and the social and individual challenges that arise from its deployment, identifying four types of consumer experiences with AI: data capture, classification, delegation, and social, while discussing policy and managerial avenues to enhance consumer value."
dab3e7ab80304c805aaa761ef458c7b61d7e8e4f,Cueing Morality: The Effect of High-Pitched Music on Healthy Choice,2020-07-03,"Listening to higher-pitched music increases consumers' likelihood to choose healthy options, choose lower-calorie foods, and engage in health-boosting activities by raising the salience of morality thoughts."
64bfecd012f4cd410c6d5b2f810f47f87553f22b,Customer Experience Journeys: Loyalty Loops Versus Involvement Spirals,2020-05-13,"The study proposes that customer experience journeys can be categorized into two models—loyalty loops and involvement spirals—each influencing customer behavior differently, with loyalty loops fostering customer loyalty through predictable experiences and involvement spirals enhancing customer involvement through unpredictable experiences."
6a4184094c8faffe4f40a411dda8173a88128c8c,Customer Satisfaction and Its Impact on the Future Costs of Selling,2020-05-15,"Higher customer satisfaction can lower future cost of selling (COS), but the degree of this benefit depends on the firm's strategy and operating environment. The negative effect of customer satisfaction on future COS is weaker for firms with higher capital intensity and financial leverage, and stronger for more diversified firms and those in industries with higher growth and labor intensity. These effects may vary across the components of COS, cost of persuasion and convenience."
8344c3aca012718b432edbda5fb7050cc05b4ea3,Complaint Publicization in Social Media,2021-02-25,"The phenomenon of complaint publicization in social media occurs when firm responses to complaints increase the potential public exposure of those complaints, negatively impacting perceived quality and firm value, especially for firms targeted by retail investors."
0b7bd623bdd0ff783e4e9ddb2c205df817923c48,Do Animated Line Graphs Increase Risk Inferences?,2021-02-25,"Animated display of time-varying data enhances risk judgments by increasing the visual salience of transitions, leading to inflated risk judgments and consequential investment decisions."
31465e24863fee9a47269f3f9d0bac2ff838dcae,Do Promotions Make Consumers More Generous? The Impact of Price Promotions on Consumers’ Donation Behavior,2021-05-01,"Price promotions increase consumers' perceived resources, which in turn increase consumers' donation behavior, but this effect is attenuated when consumers focus on the amount spent, feel they have overspent, or when savings cannot be realized immediately, and is stronger when solicitation occurs immediately after the promotion."
8875d190ca700b147f03f0e93f93794ac89be3e9,Does Bad Medical News Reduce Preferences for Generic Drugs?,2023-02-03,"Receiving bad medical news prompts patients to favor brand name drugs over generic drugs as a means to safeguard their health, with an observed increase of 8% in the likelihood of choosing brand name alternatives."
9b05d0e999bada8c060452bf1aec218b7f648d4d,Effects of Payment on User Engagement in Online Courses,2021-04-26,"Paying for a certificate in online courses increases user engagement through the certificate effect and the sunk-cost effect, with the certificate effect lasting until the participant reaches the required grade for the certificate and the sunk-cost effect being transient."
790e7db5b09b2065e40e086dca8db369ada1c7ee,Effects of Contract Ambiguity in Interorganizational Governance,2020-03-11,"Contract ambiguity of franchisor obligations increases interest-based conflict solving approaches, leading to greater cooperation and joint problem solving, and reduces franchisee-initiated litigation, with effects amplified by higher levels of franchisor training programs but mitigated by the presence of a franchisee association."
ff3b7b28acf22ba281a524142cd6a21013805a2a,Emotional Calibration and Salesperson Performance,2021-02-18,"The emotional intelligence--sales performance link can be better understood by considering a salesperson's emotional self-efficacy (ESE), and sales performance suffers when salespeople are either overconfident or underconfident in their emotional skills, with optimal performance occurring when they are emotionally calibrated; performance gains associated with emotional calibration are attenuated under stress and occur due to positive avoidance emotions that improve customer rapport, particularly among salespeople with longer job tenures."
24711eb6f265c411200c7f0fb1de080a0d925a4b,Emotional Expressions and Brand Status,2021-07-21,"There is a negative relationship between brand emotionality and brand status, and brands can increase perceived brand status by reducing emotionality in communications, moderated by brand status context and product type."
eb0681cc02362b63108de59e05cd7cd5ffd143a6,Examining Why and When Market Share Drives Firm Profit,2021-06-25,"The positive effect of market share on firm profit is primarily explained by market power and quality signaling, with little support for operating efficiency, and the value of market share varies predictably between firms and across industries."
f3d9c038ad4e7af333ff8feaa08912f35f412a79,Face Forward: How Employees’ Digital Presence on Service Websites Affects Customer Perceptions of Website and Employee Service Quality,2020-07-15,"The digital presence of service employees on the firm website increases customer perceptions of website service quality and employee service quality, which indirectly enhances customer loyalty and financial performance, with effects amplified by employee accessibility and customer orientation. The beneficial spillover effect is specific to service employees and does not extend to product quality evaluations."
e381f59a66eef2a9c5f4084121f236a82e8bd594,Faculty Research Incentives and Business School Health: A New Perspective from and for Marketing,2020-06-18,"The faculty research incentive system misaligns with the actual contributions to business school health, as research quantity positively impacts research health but not other dimensions, while research rigor has a stronger positive effect on research health, and practical importance does not contribute to research health but positively affects teaching health."
baed8e6e83ed931fdb59659fb7c66491123edc33,Fear of Detection and Efficacy of Prevention: Using Construal Level to Encourage Health Behaviors,2020-04-22,"Illness detection evokes fear, which undermines engagement in detection behaviors, while illness prevention is driven by self-efficacy perceptions, and considering prevention at high levels of thought increases persuasion; framing a detection action as serving illness-prevention goals increases engagement with detection tools."
832f983d6ffd2fe033024467660b76122c5563dd,Free Shipping Promotions and Product Returns,2020-05-08,"Free shipping promotions encourage customers to make riskier purchases, leading to more product returns, and while they increase net sales volume, they also result in higher product returns and lost shipping revenue, making these promotions unprofitable."
fcf96e0a58a0e41c3347a205ee5059dec394338d,From Waste to Taste: How “Ugly” Labels Can Increase Purchase of Unattractive Produce,2021-05-01,"""Ugly"" labeling increases the purchase likelihood of unattractive produce by correcting consumers' biased expectations regarding key attributes, particularly tastiness, and is most effective when associated with moderate price discounts."
ee18a968cc6948838149f7858ecad2442451e415,Genetic Data: Potential Uses and Misuses in Marketing,2020-11-03,"The article proposes a framework that incorporates genetic influences into consumer behavior theory, suggesting potential marketing uses of genetic data while evaluating ethical challenges related to autonomy, privacy, misinformation, and discrimination."
f13c7a8a215e3b4330021525a08539771b6e6ef1,GMO Labeling Policy and Consumer Choice,2021-11-22,"Consumer demand for GM foods is influenced by the labeling regime adopted by policymakers, with both absence-focused and presence-focused labeling reducing market share, and the design of labels affecting consumer responses, particularly among those with neutral attitudes toward GMOs."
85f123f26628252d4b75f3e757b26d53550cdc83,Happiness Begets Money: Emotion and Engagement in Live Streaming,2021-02-25,"A happier broadcaster makes the audience happier and begets intensified viewer activities, particularly tips, and these effects are pronounced only after a live stream has been active for a while, manifesting in streams by more experienced, popular broadcasters."
7a16ceaf79eef739b4dbd7b0ce4e35bbcc976754,How (and When) the Presence of Food Decreases Enjoyment of Customer Experiences,2021-03-30,"The presence of food decreases the enjoyment of concurrent experiences, particularly positive ones, by prompting mental imagery of consuming the food, which reduces engagement with the target experience; this effect is moderated by the valence of the target experience and can also occur through instructed mental imagery in the absence of food."
bb8e12c1b3306a771542b4a07a9d3938f2c09383,How Do Fast-Fashion Copycats Affect the Popularity of Premium Brands? Evidence from Social Media,2023-03-05,"Fast-fashion copycats can harm high-end brands through a cannibalization effect and help them through a market expansion effect, influenced by both static and dynamic mechanisms."
3e79335080b97262a4fe2dc918c6eae4630e9d74,How Industries Use Direct-to-Public Persuasion in Policy Conflicts: Asymmetries in Public Voting Responses,2021-03-22,"Industries use direct-to-public persuasion strategies to gain public support, with effectiveness varying based on argument type and public suspicion, leading to asymmetric responses in voting behavior favoring activist groups."
0906f321f80049481e3f585e53f4020b1f3efc8d,"How Main Street Drives Wall Street: Customer (Dis)satisfaction, Short Sellers, and Abnormal Returns",2020-10-21,"Customer satisfaction positively influences abnormal stock returns, while customer dissatisfaction negatively influences abnormal stock returns, with short seller activity mediating this relationship. Additionally, customer satisfaction and dissatisfaction have a more significant impact on firms with low capital intensity and lower competitive intensity."
3315e294e07a749dde0dbc12c4030d4273b412e7,Improving Cancer Outreach Effectiveness Through Targeting and Economic Assessments: Insights from a Randomized Field Experiment,2019-11-05,"Targeted outreach marketing increases screening completion rates and improves the return on outreach programs, demonstrating significant variations in treatment effects based on patient demographics and other factors."
757dfacf7bc706d97940d7a5943e7635f3fff9ef,Improvised Marketing Interventions in Social Media,2020-01-28,"The effect of improvised marketing interventions (IMIs) on online virality and firm value is enhanced by humor and timeliness or unanticipation, as evidenced by five multimethod studies."
0809198cf579af11e6c16b2306e8acfbe553f4c7,In Mobile We Trust: The Effects of Mobile Versus Nonmobile Reviews on Consumer Purchase Intentions,2019-06-09,"Knowing a review was posted from a mobile device can lead consumers to have higher purchase intentions due to the assumption that mobile reviews are more physically effortful to craft, which is equated with greater credibility of the review."
80f2e47d01a7d07e2237565b8f73a0566dc2eab7,Putting the Person Back in Person-Brands: Understanding and Managing the Two-Bodied Brand,2019-05-17,"The interdependent relationship between person and brand can be managed through consistency and balance, with factors like mortality, hubris, unpredictability, and social embeddedness influencing brand value."
e66dd3daf6a2d13961a32a9dee7f27cc86a83013,Incentives Increase Relative Positivity of Review Content and Enjoyment of Review Writing,2021-03-30,"Incentives increase the relative positivity of review content and enhance the enjoyment of review writing, with the effect being stronger when incentives are strongly associated with review writing and when they transfer positive affect."
ee262677d58273fa4a5038b0add1b7e7d280a910,Increasing Team Performance by Sharing Success,2021-08-01,"The maximum contract, where team output is determined by the largest individual sales output, leads to greater overall team effort compared to the average contract when team members have heterogeneous sales abilities, as the increase in effort from stronger team members exceeds the decrease in effort from weaker team members."
a7123c7e8cef316458af8f9d05585951837f3b73,Influencer Mix Strategies in Livestream Commerce: Impact on Product Sales,2023-10-28,"The effectiveness of influencer marketing strategies in livestream commerce is influenced by the mix of big and small influencers, where a negative interaction effect exists between them, and the sales generated by a big influencer are adversely affected by prior promotions from small influencers, while small influencers are more effective at increasing conversion rates."
4f818ac7a12e4e65650dc1a116c45c8d28258639,Informational Challenges in Omnichannel Marketing: Remedies and Future Research,2020-11-04,"This article investigates the challenges of data access and integration, marketing attribution, and consumer privacy protection in omnichannel marketing, and argues that machine learning and blockchain technologies offer promising solutions while presenting new challenges and opportunities for firms."
cee1231ba345be500076d790127904ca6acb7cd4,Innovation Imprinting: Why Some Firms Beat the Post-IPO Innovation Slump,2023-03-01,"Firms that engage in innovation imprinting before going public attract investors whose risk preferences support breakthrough innovation, enabling them to maintain or exceed pre-IPO levels of breakthrough innovations after going public."
e45d7004714e10458eb550aba6416271e32aeea9,Onboarding Salespeople: Socialization Approaches,2022-01-13,"The decentralized onboarding program, which incorporates both individualized and institutionalized socialization tactics, leads to higher sales performance in salespeople compared to the centralized program, with performance benefits being amplified for those with managers having a narrower span of control and being appreciable for those transitioning from another job but negligible for those transitioning from school."
2885c8df649acb5ffd9155cf5c09cb7ab1f874a0,JM: Promoting Catalysis in Marketing Scholarship,2022-10-10,"Journals can serve as catalysts in marketing scholarship, facilitating knowledge transfer and engagement among stakeholders, thereby advancing the marketing discipline and its broader community."
2dbbc57c81d37fabf3f74ef6944c3c1d0033846b,Large-Scale Cross-Category Analysis of Consumer Review Content on Sales Conversion Leveraging Deep Learning,2017-05-24,"The study finds that aesthetics and price content significantly increase sales conversion across almost all product categories, with the impact of review content being higher when the average rating is higher, ratings variance is lower, the market is more competitive or immature, or brand information is not accessible. Additionally, reordering reviews based on content can have the same effect as a 1.6% price cut for boosting conversion."
a8739ff3409044480e2c44fe3b6abebb1011340a,Leveraging Creativity in Charity Marketing: The Impact of Engaging in Creative Activities on Subsequent Donation Behavior,2021-07-22,"Engaging potential donors in creative activities positively influences their donation behaviors, enhancing felt autonomy and inducing a positive affective state that leads to higher donation behaviors, which are mediated by perceptions of donation impact and a desire for mood maintenance. The effects are context independent and do not occur with noncreative activities."
b380266f77595a29de5d2f8d11ca6b63c52290e2,Machiavellianism in Alliance Partnerships,2023-03-01,"Machiavellianism in an alliance negatively influences collaborative learning, positively influences learning anxiety and use of power, and these factors mediate its impact on performance, with partners' collaborative history moderating these relationships."
653511a01f122c09a901cace1c62dd9bc436bd8f,Managing Laggards: The Importance of a Deep Sales Bench,2019-05-17,"The bench program, which involves the threat of replacement for poor performers, has a significant and sustained positive impact on the performance of laggards, especially when compared to a program with a similar threat but no replacement, indicating that the vividness of a threat enhances its deterrent value."
7edfeeabd0cc7f5c99194de1c50f70dcc7583dca,Marketing Ideas: How to Write Research Articles that Readers Understand and Cite,2021-03-02,"Scholars write unclearly due to the curse of knowledge, which leads to the use of more abstract, technical, and passive writing, making articles harder to understand and less likely to be cited."
0fb42854fbf576be4da5b713a0de35ddb09b1f6f,Marketplace Donations: The Role of Moral Identity Discrepancy and Gender,2020-02-10,"Women primed with moral traits give about 20% more than men, and this effect is influenced by the moral identity discrepancy, which is larger for women who have historically given less."
077cdbbf1626aa565949fa559829caa96e66a41b,Meaning of Manual Labor Impedes Consumer Adoption of Autonomous Products,2023-04-11,"The meaning of manual labor acts as a barrier to the adoption of autonomous products, with consumers who derive meaning from manual tasks evaluating these products less favorably and adopting them less frequently; however, emphasizing alternative sources of meaning can increase adoption."
9a263217823a7e259a23745ece87fb788fb1d8c5,Mickey D’s Has More Street Cred Than McDonald’s: Consumer Brand Nickname Use Signals Information Authenticity,2021-02-03,"Brand nickname use enhances perceived information authenticity and boosts purchase willingness and information sharing, with the effect being attenuated in firm-generated content."
1aa095c533673fcfdce92a979b0023b8569e8062,Multichannel Strategies for Managing the Profitability of Business-to-Business Customers,2019-03-25,A customer's search and purchasing in the seller's online channels positively interacts with both salesperson contact and customer-specific discounts to drive the seller's customer-level sales and profit return on these investments.
35018942a848da603e182311d2914fbb8d9889bb,Nonprofit Versus For-Profit Health Care Competition: How Service Mix Makes Nonprofit Hospitals More Profitable,2020-03-05,"Nonprofit hospitals achieve higher output, prices, and profits than for-profit hospitals by expanding their service mix with high-priced premium specialty medical services, and competition increases the differences between nonprofit and for-profit hospitals in PSMS breadth, output, and prices."
7c0ae01a53716ed18cdc4b1248e675ff781c0dfd,On the Path to Decolonizing Health Care Services: The Role of Marketing,2023-10-12,The deployment of marketing techniques and technologies can improve health outcomes for First Nations people and support the decolonization of health services.
36ff1b37f04714b5ad1bd106e6efccb9c93b7f50,Path to Purpose? How Online Customer Journeys Differ for Hedonic Versus Utilitarian Purchases,2020-03-12,"Consumers' information channel choices vary significantly with the hedonic or utilitarian characteristics of purchases, as evidenced by the differing usage patterns of social media, on-site product pages, and third-party reviews during the customer journey."
2de5cb59f107d7ec741adc4c1fe3775e4dbf12d1,Pleasant Ambient Scents: A Meta-Analysis of Customer Responses and Situational Contingencies,2020-01-01,"Exposure to pleasant ambient scents produces a substantial increase in customer responses (3%--15%), with effects depending on situational contingencies such as congruency, aroma structure, scent familiarity, service exchange, gender proportion, and offering type."
1637225efb590f49ebdcf70d31d655251cbd9d32,Political Identity and Financial Risk Taking: Insights from Social Dominance Orientation,2019-03-13,"Conservatives' financial risk taking increases with self-efficacy due to social dominance orientation, while liberals' financial risk taking remains invariant to self-efficacy; the mediating effect of focus on upside potential is present among conservatives but not liberals."
8da4a827b05b9534c998e645df5b94911b18c273,Price Promotions Cause Impatience,2020-02-01,"Incidental exposure to price promotions triggers reward seeking, which causes greater impatience in unrelated domains, as evidenced by increased willingness to pay to avoid waiting, shorter actual wait times, greater propensity to break rules to save time, and greater discounting in intertemporal choices, with effects being more pronounced for individuals with higher reward sensitivity and mediated by reward seeking."
96c956901002984caccdea256edd1f93d6135691,Context Information Can Increase Revenue in Online Display Advertising Auctions: Evidence from a Policy Change,2021-12-15,"Providing context information in online display advertising auctions increases average revenue per impression, particularly for reputable publishers and high-quality sites, while sites with thin markets do not experience a rise in prices."
c0f445add9e072b581730287ba617480dd614cae,Providers Versus Platforms: Marketing Communications in the Sharing Economy,2020-11-01,"Provider-focused marketing communications in peer-to-peer business models lead to higher consumer perceptions of provider independence, increased willingness to pay, and greater likelihood of purchase and app download, as consumers adopt an empathy lens."
7f80e908ed0869f0e24d4a9fd1291dab324c36ba,Commercial Success Through Commercials? Advertising and Pay-TV Operators,2021-06-11,"The study finds that consumers in the U.S. pay television service market are sensitive to advertising, particularly that of satellite operators, with ad elasticities of about .05--.06 for satellite operators compared to .02 for cable operators, and that asymmetric cost efficiencies in television advertising have benefited satellite operators more than cable operators, highlighting the interaction between advertising efficiencies and market competition."
36a871b591855a6e518213d5eb6d54a6cf54fac8,Relative Effectiveness of Print and Digital Advertising: A Memory Perspective,2018-09-01,"Print ads are more effective than digital ads in terms of encoding and engagement, leading to better memory retention, particularly due to superior encoding during initial exposure."
c25bea2f951f74fe31dd4b858539d777004394bf,Revenue Generation Through Influencer Marketing,2023-11-16,"Targeting low-followership influencers generates higher immediate revenue compared to high-followership influencers, with engagement mediating the negative relationship between influencer followership levels and return on investment."
9bd846f679a8bb32fd03e9b7d06efe0c27b439d3,Ritualistic Consumption Decreases Loneliness by Increasing Meaning,2021-04-01,"Ritualistic behavior involving consumer products reduces loneliness by increasing meaning in life, with the effect mediated by perceived product meaningfulness, and this effect is diminished when meaningfulness is derived incidentally."
f3cc8aa1f7d8fe477e92b48759f7a76094cf39f5,Selectively Emotional: How Smartphone Use Changes User-Generated Content,2019-01-23,"Smartphone use leads to the generation of briefer user-generated content that emphasizes emotional aspects over specific details compared to PC use, driven by the nature of smartphone constraints rather than user self-selection or other factors."
47585bf4d94508d22fa3716e4791acf817fd01a4,Shedding Light on the Dark Side of Firm Lobbying: A Customer Perspective,2021-05-20,"Lobbying negatively affects customer satisfaction, and this negative relationship is mediated by losses to customer satisfaction, with several customer-focused moderators attenuating this effect."
c93fd6d058411a719b5c8283b00038ec6f2ebe31,Should Your Brand Pick a Side? How Market Share Determines the Impact of Corporate Political Advocacy,2020-07-14,"The net effect of corporate political advocacy (CPA) at the market level is determined by a sorting process that benefits small-share brands and hurts large-share brands, with authenticity being a necessary condition for small-share brands to benefit."
35b813f71693068483b6c976aa2e80c0d45247e2,"Social Media, Influencers, and Adoption of an Eco-Friendly Product: Field Experiment Evidence from Rural China",2021-05-01,"The use of low-cost social media tools can effectively promote the adoption of a new eco-friendly pesticide in rural China by alleviating farmer uncertainty, although influencer credibility is necessary to resolve issues related to supplier credibility and product authenticity during the trial stage."
b84b20e3365dd5c57dd30531dc8d90f52d48990d,"Speed Up, Size Down: How Animated Movement Speed in Product Videos Influences Size Assessment and Product Evaluation",2020-05-22,"Consumers estimate the size of an immobile product to be smaller when it is animated to move faster in videos, influenced by learned size-speed associations, with various factors affecting this relationship, including perceived movement similarity, accessibility of positive size-speed associations, consumer knowledge, and explicit product size information."
bbcdbcf415d7ef276b403015119ff9178de65735,Task-Dependent Algorithm Aversion,2019-07-15,"Consumers are averse to relying on algorithms for subjective tasks, but increasing the perceived objectivity of these tasks and the algorithms' affective human-likeness can enhance trust and usage of algorithms."
9e752bdfefe7301995a2d499ce30d8873d0e0ed8,"The Commercial Consequences of Collective Layoffs: Close the Plant, Lose the Brand?",2020-02-26,"Following collective layoff announcements, layoff firms experience adverse changes in sales, advertising elasticity, and price elasticity, with a significant decrease in sales by 8.7%, advertising elasticity by 9.8%, and an increase in price elasticity by 19.2%, particularly influenced by announcement characteristics."
62c4494bcd62df216769f8c986683f59acad7488,The Concept of Authenticity: What It Means to Consumers,2021-05-20,"The authors reconceptualize authenticity as a holistic consumer assessment determined by six component judgments (accuracy, connectedness, integrity, legitimacy, originality, and proficiency), which vary according to the consumption context, and demonstrate that authenticity has consumer-relevant downstream consequences while being conceptually distinct from consumer attitudes."
078731ed09c195405a9ddfd10a9e3cbb344bd52b,The Control–Effort Trade-Off in Participative Pricing: How Easing Pricing Decisions Enhances Purchase Outcomes,2021-01-11,"This research proposes that firms' delegation of pricing decisions to consumers creates a control-effort trade-off, where greater pricing control is favored by consumers but the effort involved in deciding what to pay can deter purchase intentions; strategies that enhance feelings of control without increasing perceived effort can improve pricing outcomes."
3b9de45bbc71efe18814ce08f34776c67f3d5d1e,The Differential Effect of Local–Global Identity Among Males and Females: The Case of Price Sensitivity,2020-02-01,"Gender identity and local-global identity affect consumer price sensitivity, with identity incongruence depleting cognitive resources and inducing affective processing, leading to a sacrifice mindset and lower price sensitivity."
84abcd9dbefc4f935a8db126f159e9c8e58ac5e7,The Double-Edged Effects of E-Commerce Cart Retargeting: Does Retargeting Too Early Backfire?,2021-07-01,"Early e-commerce cart retargeting ads delivered within 30 minutes to one hour after cart abandonment have a negative impact on purchase rates compared to not delivering them, while late ads delivered one to three days after abandonment have a positive impact on purchases."
4f246d1346b7b4d1d825ee72e66c2f607571bb4b,The Effect of Links and Excerpts on Internet News Consumption,2015-09-24,"Linking increases celebrity news consumption, especially among consumers who browse the least, and benefits both the linking and linked sites. Exposure to a link increases the likelihood of visiting the linked site by 0.14%."
fd50e26da8105333e8d53f6f8902c7db8c0df564,The Impact of Advertising Creative Strategy on Advertising Elasticity,2022-01-07,"The advertising creative strategy (ACS) significantly impacts advertising elasticity, with experiential content having the greatest effect, and the combination of function and form producing synergies that enhance returns. Additionally, focus, variation, and the use of templates are found to increase advertising elasticity."
bbae688f00a09d7dafb4b7cd3a553da633311ea0,The Impact of Platform Protection Insurance on Buyers and Sellers in the Sharing Economy: A Natural Experiment,2020-10-05,"Platform-level buyer protection insurance (PPI) significantly increases buyer spending and seller revenue in the sharing economy, with buyer-side responses including increased product orders and variety-seeking behavior, and seller-side responses including enhanced customer retention and acquisition."
8d688f3acf48c46ac48f3a7df592571a31d5a719,"The Impact of Soda Taxes: Pass-Through, Tax Avoidance, and Nutritional Effects",2020-10-03,"The tax on sweetened beverages leads to a significant price increase and a decrease in demand, with tax avoidance through cross-shopping limiting revenue generation and nutritional improvement."
868a9292632f71aa5a3f72490c6e2e95e0eb712a,The Journal of Marketing Research Today: Spanning the Domains of Marketing Scholarship,2020-11-02,"The study finds substantial diversity in domains, topics, methods, and sources of data among articles published in the Journal of Marketing Research, with an increasing convergence across articles in the behavioral, quantitative, and strategy domains, reflecting shared substantive topics and common use of methods and sources of data."
34528d9d1990de0b4a470c3ecc4bb67e3f732fcb,The Platformization of Brands,2021-10-07,"The platformization of brands through flagship platforms enhances consumer loyalty and control over brand offerings, while the consequences of crowdsourcing and crowdsending affect consumer-platform relationships, leading to a typology of relationship states and propositions for offline-born product brands to thrive."
80c58d858fba64ba4f9a6d8dcfda2a7c456e40f4,The Rise of New Technologies in Marketing: A Framework and Outlook,2021-12-09,"New technologies in marketing lead to innovations in marketing techniques, tools, and strategies, providing firms that adopt them with a competitive advantage over those that do not."
a27bc7d143298fcef499d38bc6947726f41904e4,The Role of Gender in Pay-What-You-Want Contexts,2021-04-01,"Men typically pay less than women in pay-what-you-want settings due to gender differences in agentic versus communal orientation, which shape payment motives and ultimately affect payment behavior. Sellers can increase how much men pay by enhancing the salience of social payment motives without altering how much women pay."
f739fd64afd0c63687d19c620bef3337defbebf6,The Sales Impact of Using Handheld Scanners: Evidence from the Field,2020-04-21,"Handheld scanner use increases sales through unplanned, healthier, and impulsive purchases, but may decrease sales for consumers without a budget; the influence of scanners on sales is mediated by cognitive and affective mechanisms."
cd3a9d28abc3775cdcf122aa685b3b7154819fbd,The Secret Ingredient Is Me: Customization Prompts Self-Image-Consistent Product Perceptions,2019-07-03,"Customization influences product perceptions based on individuals' self-image, leading to self-image-consistent product perceptions, which vary across product categories and attributes."
2b7d9492d86bfd03d73907028ed633c49d591ad3,They’re Just Not That into You: How to Leverage Existing Consumer–Brand Relationships Through Social Psychological Distance,2020-12-15,"Marketers can effectively manage existing brand relationships by focusing on the psychological distance between consumers and brands, matching close brands with concrete language and distant brands with abstract language to create a mindset-congruency effect that leads to more favorable evaluations and behaviors."
54541b26cc5d8023983acf0fa5cc45238b397423,Too Time-Crunched to Seek Variety: The Influence of Parenting Motivation on Consumer Variety Seeking,2022-10-18,"Parenting motivation affects consumer variety seeking by inducing feelings of time crunch, which leads to less variety seeking, with the effect diminished by time-saving support, perceived time availability, and lack of brand loyalty."
2ba1b765edcd72de3a0eec1a1f9492683f1cebb0,Traveling with Companions: The Social Customer Journey,2021-01-01,"The social customer journey integrates the role of social companions and their social distance from the decision maker, influencing the purchase decision and highlighting new research opportunities in marketing."
f91abc10d39991d92e17373ce26d7f9d9a984721,Turning Complaining Customers into Loyal Customers: Moderators of the Complaint Handling–Customer Loyalty Relationship,2020-06-23,"The effectiveness of complaint handling in promoting customer loyalty depends on various factors, including economic conditions, industry competition, product type, and customer characteristics, with stronger relationships observed in faster-growing economies and for luxury products, while weaker relationships are noted for high reliability expectations and among male customers."
eaca76e74ae3284e57a77e027ebaae8aeed01908,Uniting the Tribes: Using Text for Marketing Insight,2019-08-29,"Textual analysis can generate marketing insights by reflecting the qualities of the text producer and impacting the audience, thereby uniting interdisciplinary marketing approaches."
7b649fdf2ffcfb916cfa3fb85b4e03a38ec8ca89,"Up, Up, and Away: Upgrading as a Response to Dissimilar Brand Users",2018-12-18,"Consumers with strong self-brand connections prefer upgrading to more exclusive products as a response to dissimilar brand users, driven by feelings of self-threat and a desire for higher status, with moderators affecting this upgrading behavior."
b943e1e5beafd1250b5ffbe67542726937835926,Variable Compensation and Salesperson Health,2021-05-01,"An increasing variable compensation share increases salespeople's stress, resulting in emotional exhaustion and more sick days, particularly for those with lower personal ability and fewer social resources, which in turn reduces the positive effects of this incentive on sales performance."
0becdfc6c259dda09978e34ed0e6d82f1fd9692d,"Investigating the Effects of Excise Taxes, Public Usage Restrictions, and Antismoking Ads Across Cigarette Brands",2021-04-14,"The study suggests that while cigarette excise taxes decrease smoking rates, they also lead to a market share shift towards stronger brands, and that smoke-free restrictions cause a shift away from these brands, with minimal effects from antismoking advertising on brand choice and consumption."
7e0ac07f4090c6a3c309c2860f53e6604b1000c6,When Algorithms Fail: Consumers’ Responses to Brand Harm Crises Caused by Algorithm Errors,2021-02-08,"Following a brand harm crisis, consumers respond less negatively if the error was caused by an algorithm (vs. a human), and this relationship is mediated by consumers' lower mind perception of agency of the algorithm, which lowers their perceptions of the algorithm's responsibility for the harm. Four moderators of this relationship are hypothesized: whether the algorithm is anthropomorphized, whether it involves machine learning, whether the task is subjective (vs. objective), and whether it is interactive (vs. noninteractive)."
47c72953bc416bf30b2462a8f1a68df4783ef939,When and How Slow Motion Makes Products More Luxurious,2022-12-07,"The speed of video ads influences consumers' perceptions of luxuriousness, with slow motion increasing perceived luxuriousness and subsequent desire for the product, mediated by feelings of immersion and hedonic value expectations, and moderated by video quality and consumer predisposition to experience immersion."
ebcd5c9787f96a5f92d1d3a7e49e5dd87f0622f2,When Salespeople Manage Customer Relationships: Multidimensional Incentives and Private Information,2019-01-04,"The sales performance-moral hazard trade-off is influenced by multidimensional performance incentives, where acquisition incentives induce moral hazard leading to adverse customer selection, while maintenance incentives moderate this effect, highlighting the importance of multidimensional incentives for customer relationship management."
7e1e4562d4d318a83fc1bf19b5f893c64863fdd2,Prosocial Goal Pursuit in Crowdfunding: Evidence from Kickstarter,2019-03-28,"Consumers' prosocial motives play a significant role in reward-based crowdfunding, influencing their contribution patterns by leading to faster funding collection right before meeting funding goals, especially for projects that evoke prosocial motivation and when the creator is a single individual."
107a0395a468d21fd86bfecaef2b10ee5ba6163d,Where Do You Want to Go for Dinner? A Preference Expression Asymmetry in Joint Consumption,2020-09-22,"Consumers take on ""requestor"" or ""responder"" roles in joint consumption decisions, leading to a preference expression asymmetry where requestors desire preference expressions while responders do not, resulting in preference and social friction costs for responders."
13f1f67994ac8b005b5f1be47868fa954c84ffe6,First-Price Auctions in Online Display Advertising,2019-11-12,"The transition from second-price to first-price auctions in online display advertising is driven by the shift from waterfalling to header bidding, which improves publisher revenue; however, this shift may lead to lower revenue for some exchanges due to increased competition, despite all exchanges adopting first-price auctions in equilibrium."
d141b49ab2f047af7b703933acda744f4ae2d805,Soda versus Cereal and Sugar versus Fat: Drivers of Healthful Food Intake and the Impact of Diabetes Diagnosis,2013-02-22,"Households with higher education and nutrition interest consume fewer calories, sugar, and total carbohydrates, while those with higher self-control consume more; consumption of sugar and carbohydrates decreases significantly following a diabetes diagnosis, but fat and sodium intake increases; younger and higher-income households, particularly those with a female diabetes patient, make healthier changes."
ae456fa5af4e277c2125c094059451efc4dae346,Is a Picture Worth a Thousand Words? An Empirical Study of Image Content and Social Media Engagement,2019-11-18,"Social media posts with pictures induce higher engagement than those without, with high-quality images consistently leading to higher engagement, while the effect of colorfulness varies by product category and the presence of human faces and image-text fit enhances engagement on Twitter but not on Instagram."
965014fb4a5583eb2fde45ca3fc2dd183864891b,Brand Name Types and Consumer Demand: Evidence from China’s Automobile Market,2018-12-21,"The study finds that Chinese consumers prefer vehicle models with semantic brand names, leading to 7.64% more sales compared to alphanumeric names, while showing the least preference for phonosemantic names, resulting in 4.92% lower sales than alphanumeric names; domestic firms benefit from semantic names, while foreign firms gain from foreign-sounding names, with entry-level products performing better with semantic names and high-end products excelling with foreign-sounding names."
4bc51beaac6c41c2acb7b4472e44ccc20f23a114,Capturing Marketing Information to Fuel Growth,2020-10-29,"The study suggests that marketers can leverage rich data from various sources to develop effective growth strategies, but face challenges due to overreliance on readily available data, which hinders the connection between marketing data growth and firm growth."
305e2fce867d42bf47ebd16b7ed9c35fd554b528,Commentary: Beyond Data: The Mindsets and Disciplines Needed to Fuel Growth,2020-12-11,Organizations must shift their mindset towards customer-centricity and develop critical disciplines to drive successful business transformation beyond data-driven marketing techniques.
186a6ed50a40ac9d971c983f255065492f2481e8,Complaint De-Escalation Strategies on Social Media,2022-08-01,"Increasing active listening and empathy in firm responses to social media complaints mitigates negative arousal and evokes gratitude among customers in high-arousal states, even if the actual failure is not yet recovered."
c74e860793a933372c016b3bc98e03232cfe8fe7,Effect of Alliance Network Asymmetry on Firm Performance and Risk,2020-09-04,"The absolute levels of alliance network asymmetry have curvilinear effects on alliance performance and performance uncertainty, specifically that direct tie asymmetry has an inverted U-shaped effect on abnormal returns and a U-shaped effect on risk, while indirect tie asymmetry has a U-shaped effect on risk, with innovation quality and preexisting ties flattening these effects."
ebd810fd40749cb686c1cc6fc6e518c5b8121539,Fields of Gold: Scraping Web Data for Marketing Insights,2022-05-02,"The authors propose a novel methodological framework that enhances the validity of web data collection by addressing technical and legal/ethical concerns across three stages: selecting data sources, designing data collection, and extracting data."
0344c01f275355474fb79a5a26e659e763fb46f3,Making the World a Better Place: How Crowdfunding Increases Consumer Demand for Social-Good Products,2020-10-14,"Crowdfunding increases consumer demand for social-good products by activating an interdependent mindset, which is contingent on high collective efficacy and is eliminated when the product is already on the market."
6861709f9df7db1022982040d6c776000d86bd16,Influencer Marketing Effectiveness,2022-05-10,"Influencer originality, follower size, and sponsor salience enhance influencer marketing effectiveness, while posts announcing new product launches diminish it, and influencer activity, follower–brand fit, and post positivity exert inverted U-shaped moderating effects on effectiveness."
6baa33d78c50abca070c15aae91d3183db3b9544,Leaving Something for the Imagination: The Effect of Visual Concealment on Preferences,2020-02-20,"Visual concealment tactics can enhance aesthetic product evaluations by triggering curiosity, which leads to positive affect that inflates preferences, but this effect only occurs when initial inferences about the product's appeal are positive or emotionally congruent."
f898edd71de80567bb1f8a5294a7d2caacff39ee,Machine Learning for Creativity: Using Similarity Networks to Design Better Crowdfunding Projects,2021-03-09,"The prior level of success of similar crowdfunding projects strongly predicts a new project's funding performance, and funding performance increases with a balance between novelty and imitation, with optimal funding goals being close to the funds raised by prior similar projects."
dc53f24925f31a1c7f2d355cad53f884f8a4d096,Organizational Herding in Advertising Spending Disclosures: Evidence and Mechanisms,2019-01-20,"Firms learn from peers' decisions to reduce uncertainty in advertising disclosure, leading to herding effects among peer firms in the same strategic group, with a preference for resolving disclosure uncertainty from similar peers rather than benchmark leaders."
8ff923aa73d8b500128862f4a38921d217979d49,P2V-MAP: Mapping Market Structures for Large Retail Assortments,2019-06-06,"The proposed P2V-MAP approach effectively analyzes market structures by deriving latent product attributes from shopping basket data, facilitating analyses of cross-category product complementarity and within-category substitution, while being automated, scalable, and easy to interpret, as validated through simulation and comparison with econometric methods."
2e1e728e7cdb832eaaedc67f7d42fd224d2d2a2b,Platform Exploitation: When Service Agents Defect with Customers from Online Service Platforms,2021-02-22,"The phenomenon of platform exploitation occurs when high-quality, long-tenured service agents enhance platform usage but also lead customers to defect off the platform, with this behavior increasing with greater customer-agent interaction frequency, higher service prices, and more repetitive services."
02a2c62793bd549c64cab1d0fb7e316360d29a13,Psychological Ownership of (Borrowed) Money,2020-07-20,"The degree to which consumers feel psychological ownership of borrowed money predicts their willingness to borrow money for discretionary purchases, and this psychological ownership is distinct from other individual factors and varies by debt type. Additionally, framing debt using language lower in psychological ownership can reduce consumers' propensity to borrow."
4a3763b99925534c0f6e21fd5e022404560a5a74,Pretty Healthy Food: How and When Aesthetics Enhance Perceived Healthiness,2020-09-14,"Prettier food is perceived as healthier because classical aesthetic features make it appear more natural, and this effect is mediated by perceived naturalness and moderated by belief in a ""natural = healthy"" connection."
301364c6872a7ca8203969740ab5283ffdddbbf9,When and Why Saying “Thank You” Is Better Than Saying “Sorry” in Redressing Service Failures: The Role of Self-Esteem,2020-03-01,"The shift from emphasizing service providers' fault (apology) to spotlighting consumers' merits (appreciation) increases consumers' self-esteem and post-recovery satisfaction, with appreciation being a more effective strategy than apology in redressing service failures."
7716c786af7c110b2b0bd3c91290633ab0eae2ad,A Meta-Analysis of Brand Extension Success: The Effects of Parent Brand Equity and Extension Fit,2023-03-06,"Parent brand equity and extension fit positively influence extension success, with different dimensions of these drivers having varying effects, such as usage fit having the weakest effect and brand familiarity having a lower interaction effect with extension fit than other dimensions of parent brand equity."
d4e2a1cf9544d7463a1838ab19fb4913e64490de,“Choozing” the Best Spelling: Consumer Response to Unconventionally Spelled Brand Names,2023-02-22,"Consumers are less likely to support unfamiliar brands with unconventionally spelled names compared to those with conventional spellings, due to perceptions of insincerity stemming from the belief that unconventional spelling is a persuasion attempt; however, this effect can be mitigated if the motive for the unconventional spelling is perceived as sincere, and such names may be desirable when consumers seek a memorable experience."
4cf9fcb668c8769b87a736aa959beb7fbf70ce5d,Better Marketing for a Better World,2021-05-01,"The marketing discipline must reflect on its social relevance in addressing critical societal issues such as war, poverty, and environmental contamination, as marketers can either contribute to or help resolve these problems."
2653110d9ce5a48f2673f0e259d430ec83224aaa,Customer Satisfaction and Firm Profits in Monopolies: A Study of Utilities,2020-11-17,"Customer satisfaction positively predicts future profitability of utility firms by reducing operating costs, even when it does not affect future revenues. Higher satisfaction leads to lower distribution, customer service, and sales and general administration expenses, generating efficiency-enhancing benefits and fostering greater trust and cooperation from customers."
fb408bcc22b8689717f368b2ee5ae8a71f904d4a,Educational Campaigns for Product Labels: Evidence from On-Shelf Nutritional Labeling,2020-12-03,"Educational campaigns can increase consumer awareness and understanding of nutritional labels, leading to a preference for higher star-rated foods; however, the effect is modest and diminishes after the campaign's conclusion."
31828431f4699e66d806af02fe966739b6005e81,Finding Goldilocks Influencers: How Follower Count Drives Social Media Engagement,2022-08-25,"There is an inverted U-shaped relationship between influencers' follower count and engagement with sponsored content, where engagement first increases and then decreases as follower count rises, and this relationship is moderated by content customization and brand familiarity."
11b32e46155b3b1deff16c0fee292d139dd826c8,Generating Content Increases Enjoyment by Immersing Consumers and Accelerating Perceived Time,2020-09-10,"Generating content during an experience increases feelings of immersion and accelerates perceived time, which enhances enjoyment of the experience, with consumers benefiting from content creation regardless of whether it is incentivized or organic."
32f9874e6ac355f1b0d48436638dc1aa194c239f,Households Under Economic Change: How Micro- and Macroeconomic Conditions Shape Grocery Shopping Behavior,2021-07-19,"Micro and macroeconomic conditions significantly influence grocery shopping behavior, with microeconomic changes primarily affecting overall purchase volume and macroeconomic changes causing structural shifts in shopping basket allocation and spending behavior."
9e483649cceb625c849ff05170c86710bf904770,How Marketing Perks Influence Word of Mouth,2021-01-21,"Low-contractuality marketing perks are more effective than high-contractuality perks at fostering word of mouth, particularly by conveying a relational signal that motivates consumers to share word of mouth, with conditions under which this effect may attenuate or reverse."
d5614a9e9f43de547bbc25f2a512f04f538adfd4,"Innovation Potential, Insider Sales, and IPO Performance: How Firms Can Mitigate the Negative Effect of Insider Selling",2022-10-08,"A firm's innovation potential is positively associated with the initial value of the IPO and first-day IPO returns, while being negatively associated with the extent of insider selling at the time of the IPO. Different metrics of innovation potential have varying impacts on these relationships."
bf584f9ab6139573995a02dbac3e74aa4af47026,"Marketing, Through the Eyes of the Stigmatized",2020-11-04,"Consumers with potentially stigmatizing attributes decode marketing communications as audience cues, which influence their social devaluation inferences and subsequently affect their beneficial and detrimental consumption behaviors. Anticipated empowerment may increase beneficial consumption among these consumers."
5c612b0e36c6b93137536e3b41ef8303a1c33056,Modeling Dynamic Heterogeneity Using Gaussian Processes,2019-10-14,"The authors propose a novel framework for capturing dynamic heterogeneity using Gaussian processes, which allows for flexible variations around population-level trends and provides precise individual-level insights regarding parameter dynamics, with robust evidence of dynamic heterogeneity found in preference dynamics and online reviews."
2df1bd45205edeb2cd1bf88a6fae673adfc26708,The Dark Side of Mobile App Adoption: Examining the Impact on Customers’ Multichannel Purchase,2021-02-24,"The adoption of a hotel group's mobile app leads to a significant and negative change in customers' multichannel spending, influenced by factors such as the use of the app for mobile check-in versus searching, and the potential adoption of competitor apps."
7b2187341445be3e72be14a96352d5ea7cbecb6e,The Economic and Social Impacts of Migration on Brand Expenditure: Evidence from Rural India,2021-05-17,"Economic remittances result in greater brand expenditure, particularly for poorer households, and the effect of migration on brand expenditures is more positive for households in more populous villages with greater access to mobile phones and lower viewership of television media."
db95567818566af346be558ea6d440ca1fb50af1,The Strength of Weak-Tie Consensus Language,2020-02-26,"Weak ties are more influential than strong ties in the interpretation and persuasiveness of consensus language, as weak ties evoke perceptions of a larger and more diverse group, signaling greater validity for the issue at hand."
b48e93a4186dff68ed70216a45a0cf7a330ec333,The Value of Rapid Delivery in Omnichannel Retailing,2019-07-03,"Faster delivery in the online channel positively affects sales in omnichannel retailing, with an average increase of 1.45% in online store sales per business-day reduction in delivery time, and a positive spillover effect to offline stores, driven by customer learning and brand presence. Customers with less online experience respond more in the short run, while experienced customers respond more in the long run."
aec38ca8dd66951341fff011978523d26bed0da3,Identifying Market Structure: A Deep Network Representation Learning of Social Engagement,2021-07-08,"The proposed deep network representation learning framework effectively captures latent relationships among brands and social media users, allowing firms to identify dynamic product-market boundaries and leverage insights for competitive advantage."
